S No,K! ID,Gender,Name,College,Email,Phone,Day 0,Day 1,Day 2,Day 3,Food,Cost,Payment ID
1,K250887,F,NIBIN SELLARAJ R J,RMK Engineering college,fus_avekibo36@mail.com,9070017694,No,Yes,Yes,No,Yes,800,PAID
2,K250978,M,VENTHAN,"Thiagarajar College of Engineering, Madurai.",hizacu-teki10@yahoo.com,9614018245,No,Yes,Yes,No,Yes,800,PAID
3,K250379,M,ANDRO DHILIBAN I,"Thiagarajar College of Engineering, Madurai.",ras-unofoxa19@gmail.com,9035266736,No,Yes,Yes,No,Yes,800,PAID
4,K250547,M,SIVASANKAR S,"Thiagarajar College of Engineering, Madurai.",vomuj-owoyo22@yahoo.com,9159818874,No,Yes,Yes,No,Yes,800,PAID
5,K250744,M,ROHIT BISWAL A,Coimbatore Institute of Technology,yeyuy-axudu31@aol.com,9962542332,Yes,Yes,Yes,Yes,Yes,1600,PAID
6,K250123,M,GIRIJA K,"Francis Xavier college of engineering,Tirunelveli",xefo_finoga23@gmail.com,9026564294,No,Yes,Yes,No,No,500,PAID
7,K250059,M,KEPZIBA A,University College of engineering Kanchipuram,tome-kosere62@aol.com,9315765880,No,Yes,Yes,No,No,500,PAID
8,K250487,F,ABIRAMI RAMAKRISHNAN,RMK Engineering college,yol_emihimi41@yahoo.com,9358897140,No,Yes,Yes,No,Yes,800,PAID
9,K250085,M,SREEVATHSAN K G,RMK Engineering college,povefif-ila81@hotmail.com,9973174444,No,Yes,Yes,No,Yes,800,PAID
10,K250625,F,CHARUBALA A,Kumaraguru RC Forum,tayapi_make28@hotmail.com,9241663958,No,Yes,Yes,No,No,500,PAID
11,K250231,M,DHANUSH KUMAR S,AMRITA VISHWA VIDYAPEETHAM COIMBATORE CAMPUS,jadoxa_zefi63@mail.com,9372774649,Yes,Yes,Yes,Yes,No,1000,PAID
12,K250063,M,CELSI JAYA SREEJHA P,Kumaraguru RC Forum,zumoba_sepe34@mail.com,9856653661,No,Yes,Yes,No,No,500,PAID
13,K250347,F,KAVYANJALI G,RMK Engineering college,vamet-asone97@mail.com,9494173138,No,Yes,Yes,No,Yes,800,PAID
14,K250370,M,SHYAM SUNDAR A,AMRITA VISHWA VIDYAPEETHAM COIMBATORE CAMPUS,jabev-uzeye44@outlook.com,9600451283,Yes,Yes,Yes,Yes,No,1000,PAID
15,K250700,F,VAISHNAVA DEVI S,University College of engineering Kanchipuram,riz_atajacu18@yahoo.com,9181108018,Yes,Yes,No,No,Yes,800,PAID
16,K250664,F,HILTAN N,"Francis Xavier college of engineering,Tirunelveli",yesisat-oni18@yahoo.com,9104169047,No,Yes,Yes,No,No,500,PAID
17,K250921,M,NITISH KUMAR,"Thiagarajar College of Engineering, Madurai.",pitucu_yuxu28@gmail.com,9038710273,No,Yes,Yes,No,Yes,800,PAID
18,K251263,M,PRASANNA KUMAR S,"Francis Xavier college of engineering,Tirunelveli",hepasil-ayu23@yahoo.com,9073399024,Yes,Yes,Yes,Yes,No,1000,PAID
19,K250349,M,MAGUDESHWARAN K,University College of engineering Kanchipuram,gug_atadeni45@yahoo.com,9100297860,Yes,Yes,No,No,Yes,800,PAID
20,K250615,F,KISANTH R,University College of engineering Kanchipuram,gaz_iyocovu28@hotmail.com,9244963247,No,Yes,Yes,No,No,500,PAID
21,K250654,M,HARI PRASATH P,"Thiagarajar College of Engineering, Madurai.",ruriz_uxivu20@mail.com,9886315246,No,Yes,Yes,No,Yes,800,PAID
22,K251018,F,DEVAHARINI KR,RMK Engineering college,sar_exisowu48@aol.com,9386896625,No,Yes,Yes,No,Yes,800,PAID
23,K251218,M,JAIVIKASH,"Thiagarajar College of Engineering, Madurai.",rowur-ajije76@mail.com,9937860411,No,Yes,Yes,No,Yes,800,PAID
24,K250041,M,HARISH K B,"Thiagarajar College of Engineering, Madurai.",varu_mayexo15@aol.com,9208152196,No,Yes,Yes,No,Yes,800,PAID
25,K250988,F,BAVITHRAN K,Kumaraguru RC Forum,wehin-ebuve9@gmail.com,9780768787,No,Yes,Yes,No,No,500,PAID
26,K250744,F,SUSMITHA T,University College of engineering Kanchipuram,tulim_iguve89@yahoo.com,9484555600,Yes,Yes,No,No,Yes,800,PAID
27,K250052,M,TAMILARASAN R,RMK Engineering college,puz_ohozoko47@outlook.com,9991986734,No,Yes,Yes,No,Yes,800,PAID
28,K250875,F,VARSHA M,RMK Engineering college,fujab_ivera58@outlook.com,9563903498,No,Yes,Yes,No,Yes,800,
29,K251315,F,HEMALATHA S,RMK Engineering college,zuki-sufofe58@aol.com,9243751225,No,Yes,Yes,No,Yes,800,PAID
30,K251149,F,NETHRA S,"Francis Xavier college of engineering,Tirunelveli",vez-usudove20@mail.com,9292407834,No,Yes,Yes,No,No,500,
31,K251087,M,NITIN P,AMRITA VISHWA VIDYAPEETHAM COIMBATORE CAMPUS,losim-exigo72@gmail.com,9010275887,Yes,Yes,Yes,Yes,No,1000,PAID
32,K251111,M,ASWATH R,Coimbatore Institute of Technology,xiduga-sico58@gmail.com,9382673636,Yes,Yes,Yes,Yes,Yes,1600,PAID
33,K250591,M,ARAVIND S,"Francis Xavier college of engineering,Tirunelveli",yikufez-eli3@gmail.com,9289363325,Yes,Yes,Yes,Yes,No,1000,
34,K250562,F,SOUNDHARYA S,RMK Engineering college,bep_elipixo65@yahoo.com,9904244210,No,Yes,Yes,No,Yes,800,PAID
35,K250495,M,KRISHNA,AMRITA VISHWA VIDYAPEETHAM COIMBATORE CAMPUS,dud-ujisupa89@mail.com,9330164760,Yes,Yes,Yes,Yes,No,1000,PAID
36,K250272,F,SUBHASHREE M,"Francis Xavier college of engineering,Tirunelveli",zub-avufemu71@gmail.com,9573596800,No,Yes,Yes,No,No,500,
37,K251153,M,DINESH S,Coimbatore Institute of Technology,cad_ewufolo49@mail.com,9014885340,Yes,Yes,Yes,Yes,Yes,1600,PAID
38,K250107,M,KARMUKILAN D K,AMRITA VISHWA VIDYAPEETHAM COIMBATORE CAMPUS,raju-zeduti91@gmail.com,9091648342,Yes,Yes,Yes,Yes,No,1000,PAID
39,K250775,M,RAMAKRISHNAN,AMRITA VISHWA VIDYAPEETHAM COIMBATORE CAMPUS,bub-ehanudu60@yahoo.com,9086378006,Yes,Yes,Yes,Yes,Yes,1600,PAID
40,K250520,M,BARATH E M,"Thiagarajar College of Engineering, Madurai.",zam-ogeyija11@aol.com,9953611001,Yes,Yes,No,No,Yes,800,PAID
41,K250237,M,MURALI DHARAN,RMK Engineering college,yekibi-ciwa5@gmail.com,9583721680,No,Yes,Yes,No,Yes,800,
42,K251346,M,SACHIN RAM R N,Coimbatore Institute of Technology,duv_uwukaku58@mail.com,9453329067,Yes,Yes,Yes,Yes,Yes,1600,PAID
43,K250103,M,KRISHNAVENI R,Kumaraguru RC Forum,jam_iyugepo28@mail.com,9397410917,No,Yes,Yes,No,No,500,PAID
44,K251275,M,AKILESH,"Francis Xavier college of engineering,Tirunelveli",tez-ajorika80@gmail.com,9347487822,No,No,Yes,Yes,No,500,PAID
45,K250579,F,PRIYADHARSHINI M G,"Thiagarajar College of Engineering, Madurai.",yiloya-rahi22@outlook.com,9939354243,Yes,Yes,No,No,Yes,800,PAID
46,K251346,F,VASANTHASURYA SENTHILKUMAR,"Thiagarajar College of Engineering, Madurai.",ril-uyiyolo61@outlook.com,9128532477,Yes,Yes,No,No,Yes,800,PAID
47,K251061,M,PREETHI K S,"Francis Xavier college of engineering,Tirunelveli",kafezu-zula83@outlook.com,9110055652,No,Yes,Yes,No,Yes,800,PAID
48,K251261,M,SANJANA R,University College of engineering Kanchipuram,jew-uvezeta71@mail.com,9472038809,Yes,Yes,No,No,Yes,800,PAID
49,K250738,M,NANDHAKUMAR,"Thiagarajar College of Engineering, Madurai.",vup-adivuhu72@mail.com,9253449087,No,Yes,Yes,No,Yes,800,PAID
50,K250872,F,HEMANTH S,University College of engineering Kanchipuram,zusutog_ozu17@outlook.com,9745543742,Yes,Yes,No,No,Yes,800,PAID
51,K250611,F,RAKCITHA N,"Francis Xavier college of engineering,Tirunelveli",tej-ijedodo42@gmail.com,9220229558,No,Yes,Yes,No,No,500,PAID
52,K251023,F,DARSINI C M,RMK Engineering college,fap-oxobuyo66@mail.com,9018144298,No,Yes,Yes,No,Yes,800,PAID
53,K250369,M,INIYAN C M,"Thiagarajar College of Engineering, Madurai.",sajozov_uyu38@outlook.com,9602950663,Yes,Yes,No,No,Yes,800,PAID
54,K251385,M,BARANIDHARAN G,Coimbatore Institute of Technology,dinuse_zowi94@hotmail.com,9024111958,Yes,Yes,Yes,Yes,Yes,1600,PAID
55,K250227,F,NITHILA SHRI R P,University College of engineering Kanchipuram,numip_ujoze40@yahoo.com,9084569083,No,Yes,Yes,No,No,500,PAID
56,K250258,M,PRAJEETH RUSHAN,"Thiagarajar College of Engineering, Madurai.",tupahup_efa16@yahoo.com,9047020142,No,Yes,Yes,No,Yes,800,PAID
57,K250583,M,THANISHK V,University College of engineering Kanchipuram,ciga-godero24@yahoo.com,9632682531,Yes,Yes,No,No,Yes,800,PAID
58,K250654,F,AKSHAY S,University College of engineering Kanchipuram,kopunu-zefa50@yahoo.com,9648110372,No,Yes,Yes,No,No,500,PAID
59,K250419,M,AKSHAYA SWETHA S,University College of engineering Kanchipuram,megabol_oma41@gmail.com,9852562160,No,Yes,Yes,No,No,500,PAID
60,K250490,M,SANNUT NICHOLAS J,"Thiagarajar College of Engineering, Madurai.",xisup-oxuta89@outlook.com,9990534177,Yes,Yes,Yes,Yes,Yes,1600,PAID
